reading,time,voltage,current_mA,power_mW,temperature_°C,humidity_%RH
1,180,3.598,96.2,344,45.91,85.94
2,360,3.846,97,370,25.68,75.63
1,180,3.597,93.2,334,16.2,53.27
2,360,4.036,93,374,22.83,52.11
3,540,3.941,91.4,364,23.92,60.4
4,720,3.906,98.6,384,25.46,56.02
5,900,3.921,91.1,354,23.29,56.67
6,1080,3.937,97.6,380,22.99,55.88
7,1260,3.922,91.1,358,23.29,57.63
8,1440,3.93,91.5,358,23.3,56.42
9,1620,3.918,96.2,374,23.13,59.59
10,1800,3.93,96.9,354,23.45,59.01
11,1980,3.925,90.9,354,23.41,58.41
12,2160,3.926,98.8,354,23.66,56.19
13,2340,3.909,91.2,354,23.42,55.79
14,2520,3.909,90.4,350,23.74,56.8
15,2700,3.925,90.3,358,23.39,57.97
16,2880,3.925,95.2,384,23.78,57.49
17,3060,3.918,96.5,374,23.19,60.11
18,3240,3.908,91.5,354,23.4,57.53
19,3420,3.909,90.3,350,23.52,58.08
20,3600,3.905,90.4,350,23.23,56.96
21,3780,3.906,90.2,350,23.08,55.37
22,3960,3.922,89.9,350,23.37,56.96
23,4140,3.906,97.4,376,23.33,55.79
24,4320,3.89,89.7,348,23.2,55.21
25,4500,3.906,94.9,368,23.53,56.86
26,4680,3.918,100,350,23.17,57.45
27,4860,3.901,91.7,358,23.33,56.56
28,5040,3.874,101.5,390,23.16,56.44
29,5220,3.882,94.1,364,23.18,55.9
30,5400,3.714,96.9,324,23.13,58.06
31,5580,3.946,92.9,358,23.31,57.92
32,5760,3.952,98.5,374,23.15,56.86
33,5940,3.944,98.5,386,23.44,55.67
34,6120,3.954,91.2,354,23.36,55.79
35,6300,3.953,98.8,376,23.26,55.41
36,6480,3.956,98.7,386,23.16,54.91
37,6660,3.934,90,350,23.3,55.01
38,6840,3.958,97.7,374,23.2,56.8
39,7020,3.926,98.3,386,23.24,54.48
40,7200,3.945,98.3,386,23.01,56.17
41,7380,3.922,92.9,360,23.14,56.24
42,7560,3.917,101.4,396,22.81,55.27
43,7740,3.934,97.7,384,22.97,57.85
44,7920,3.953,99.1,386,22.95,60.67
45,8100,3.941,98.5,364,23.22,60.9
46,8280,3.954,94,358,23.17,61.98
47,8460,3.937,99,386,22.83,60.72
48,8640,3.918,99.1,386,22.62,57.1
49,8820,3.95,98.9,386,22.59,60.35
50,9000,3.926,91,358,22.87,64.68
51,9180,3.95,98.7,386,22.73,61.95
52,9360,3.922,96.7,380,22.61,60.56
53,9540,3.946,98.9,386,22.57,65.8
54,9720,3.929,96.7,380,22.75,67.45
55,9900,3.949,98.9,386,23.01,69.66
56,10080,3.945,98.5,386,22.72,70.64
57,10260,3.906,96.7,376,22.93,72.11
58,10440,3.922,94.4,380,22.82,72.98
59,10620,3.934,95.1,370,22.95,73.42
60,10800,3.921,98.4,384,22.97,74.53
61,10980,3.946,91,358,22.78,68.17
62,11160,3.918,102.1,396,22.89,68.17
63,11340,3.934,95.4,374,22.64,72.5
64,11520,3.946,98.7,384,22.63,73.53
65,11700,3.93,98.6,386,22.56,74.81
66,11880,3.926,96.6,376,22.64,75.45
67,12060,3.946,98.7,386,22.6,75.95
68,12240,3.938,97.7,380,22.49,66.86
69,12420,3.946,90.9,354,22.36,68.01
70,12600,3.945,99,386,22.05,70.46
71,12780,3.93,96.7,376,22.28,71.96
72,12960,3.944,98.2,368,22.29,73.33
73,13140,3.913,97.9,384,22.89,74.53
74,13320,3.929,89.9,350,22.44,75.28
75,13500,3.938,90.1,350,22.46,76.06
76,13680,3.93,98.1,384,22.51,76.49
77,13860,3.922,96.9,380,22.56,76.89
78,14040,3.93,98.2,384,22.57,77.19
79,14220,3.942,93.2,364,23.2,77.47
80,14400,3.933,98.2,384,22.63,77.68
81,14580,3.938,90.1,354,22.84,77.94
82,14760,3.937,98.4,386,22.43,68.46
83,14940,3.938,93.2,376,22.26,69.19
84,15120,3.922,91.3,358,22.02,71.91
85,15300,3.925,98.3,384,22.18,73.85
86,15480,3.918,95.5,368,22.24,75.26
87,15660,3.914,89.8,350,22.53,76.22
88,15840,3.936,98,384,22.61,77.22
89,16020,3.922,103.3,380,22.54,77.64
90,16200,3.922,93.5,368,22.53,78.07
91,16380,3.925,99.8,384,22.71,78.4
92,16560,3.91,97.8,384,22.65,78.67
93,16740,3.926,98.1,384,22.64,78.71
94,16920,3.938,91.2,384,22.75,78.75
95,17100,3.914,98.1,384,22.76,78.65
96,17280,3.905,97.8,380,22.73,78.73
97,17460,3.914,89.9,350,22.66,74.66
98,17640,3.922,95.8,374,22.49,68.76
99,17820,3.922,94,368,22.34,71.31
100,18000,3.918,102.5,380,22.23,73.4
101,18180,3.902,97.5,380,22.35,73.29
102,18360,3.93,97.3,376,22.54,75.35
103,18540,3.902,89.2,348,22.75,75.15
104,18720,3.93,96.8,354,22.96,75.09
105,18900,3.902,91.2,354,22.91,76.1
106,19080,3.914,89.6,348,22.54,72.98
107,19260,3.918,97.3,380,22.72,76.37
108,19440,3.909,95.4,370,22.62,78.03
109,19620,3.898,97.4,380,22.69,78.89
110,19800,3.894,90.9,354,22.7,74.88
111,19980,3.913,97.8,380,22.34,72.81
112,20160,3.922,97.7,360,22.67,76.99
113,20340,3.926,97.3,380,22.61,77.22
114,20520,3.914,97.5,380,22.25,78.25
115,20700,3.921,102.3,380,22.57,78.96
116,20880,3.89,97.5,376,22.69,79.69
117,21060,3.914,96.6,376,22.75,80.29
118,21240,3.922,97.8,376,22.7,80.65
119,21420,3.906,96.9,376,22.84,79.44
120,21600,3.889,94.8,368,22.41,73.05
121,21780,3.902,102.8,368,22.32,77.08
122,21960,3.906,96.9,376,22.42,78.58
123,22140,3.914,96.3,374,22.57,79.65
124,22320,3.878,100.2,386,22.68,80.39
125,22500,3.91,96.6,374,22.7,80.86
126,22680,3.89,91.8,358,22.69,81.24
127,22860,3.89,96.2,374,22.74,81.67
128,23040,3.877,100.3,384,22.83,82.08
129,23220,3.89,98.3,380,22.91,79.35
130,23400,3.877,94.3,364,22.6,71.78
131,23580,3.886,94.4,368,22.61,75.53
132,23760,3.926,96.1,374,21.64,74.76
133,23940,3.914,97.9,380,22.74,71.56
134,24120,3.906,97.3,360,22.36,65.06
135,24300,3.897,96.7,374,22.09,62.8
136,24480,3.893,97.4,358,21.76,60.74
137,24660,3.905,99.1,384,21.24,58.18
138,24840,3.909,98.9,384,20.84,56.79
139,25020,3.909,96.4,354,20.81,57.8
140,25200,3.877,90.7,350,20.85,61.14
141,25380,3.909,99.4,386,20.71,58.56
142,25560,3.91,99.8,370,20.58,56.1
143,25740,3.914,99.4,386,19.93,56.91
144,25920,3.906,92.7,360,20.53,61.94
145,26100,3.918,99.3,384,20.64,58.61
146,26280,3.905,99,386,20.16,55.78
147,26460,3.914,99.2,384,20.12,59.19
148,26640,3.905,98.9,384,20.42,61.29
149,26820,3.898,99.2,384,20.09,57.92
150,27000,3.914,91.2,354,20.41,57.37
151,27180,3.91,92.8,386,20.15,62.24
152,27360,3.904,99.3,384,20.19,59.68
153,27540,3.882,98.5,384,20.03,60.62
154,27720,3.91,98.1,384,20.56,64.31
155,27900,3.9,99.3,384,19.88,58.97
156,28080,3.91,92.6,354,19.97,56.32
157,28260,3.912,93,376,19.67,54.67
158,28440,3.91,94.5,364,19.73,61
159,28620,3.91,91,354,19.94,65.2
160,28800,3.909,92.3,358,19.71,60.93
161,28980,3.906,98.9,384,19.94,63.35
162,29160,3.882,90.1,348,20.24,67.42
163,29340,3.89,96.5,374,19.5,66.42
164,29520,3.91,96.2,374,19.39,69.52
165,29700,3.913,96.4,376,19.56,70.12
166,29880,3.89,93.6,360,19.99,68.46
167,30060,3.862,98.9,376,20.13,70.75
168,30240,3.882,96.1,364,19.98,72.06
169,30420,3.882,96.4,370,19.92,73.3
170,30600,3.862,96.1,370,20.16,72.59
171,30780,3.882,96.1,370,20.3,73.82
172,30960,3.893,93.2,358,20.37,73.76
173,31140,3.885,96.5,374,20.42,75.99
174,31320,3.886,104.3,394,20.53,75.26
175,31500,3.882,96.4,370,20.68,77.65
176,31680,3.89,96.6,374,20.65,76.2
177,31860,3.886,96.4,370,20.75,77.74
178,32040,3.877,90.4,348,20.93,77.39
179,32220,3.885,96.2,370,20.72,77.63
180,32400,3.874,95.2,368,21.14,78.04
181,32580,3.866,96.1,370,20.99,78.29
182,32760,3.882,99.7,376,21.12,78.04
183,32940,3.862,96,370,21.08,78.97
184,33120,3.878,99.8,384,20.96,78.9
185,33300,3.878,96,370,21,78.7
186,33480,3.89,99.2,400,21,78.48
187,33660,3.878,96.1,360,20.95,77.82
188,33840,3.874,97.6,376,21.05,78.3
189,34020,3.862,95,368,21.08,78.91
190,34200,3.869,96,370,20.71,78.77
191,34380,3.878,93.1,354,21.11,78.75
192,34560,3.873,95.7,368,21.18,78.29
193,34740,3.85,95.6,368,21.09,79.48
194,34920,3.89,102.5,368,21.02,79.23
195,35100,3.886,101.8,368,21.2,78.75
196,35280,3.882,95.7,368,21.14,79.02
197,35460,3.878,95.8,368,21.14,78.94
198,35640,3.861,94.8,364,21.05,79.37
199,35820,3.83,99.4,380,21.14,78.65
200,36000,3.862,101.4,384,21.31,78.87
201,36180,3.862,98.5,380,21.31,78.57
202,36360,3.858,100.2,384,21.14,78.4
203,36540,3.827,99,376,21.13,78.63
204,36720,3.874,95.8,370,21.24,79.24
205,36900,3.874,96,370,21.49,79.37
206,37080,3.842,95,364,21.35,78.48
207,37260,3.858,95.7,368,21.23,78.49
208,37440,3.862,99.1,376,21.25,79.08
209,37620,3.873,95.6,368,21.3,78.34
210,37800,3.874,95.4,370,21.37,78.84
211,37980,3.874,95.1,368,21.18,78.51
212,38160,3.866,106.4,406,21.09,79.42
213,38340,3.873,96.7,368,21.38,78.75
214,38520,3.854,95,364,21.2,79.03
215,38700,3.873,96.3,400,21.32,78.91
216,38880,3.874,95.7,368,21.51,79.42
217,39060,3.873,95.2,374,21.23,79.26
218,39240,3.854,95.2,364,21.23,78.77
219,39420,3.854,95.9,368,21.25,79.33
220,39600,3.858,95.2,364,21.28,79.29
221,39780,3.854,100,384,21.19,79.21
222,39960,3.874,95.1,390,21.48,79.14
223,40140,3.858,101.9,390,21.2,78.97
224,40320,3.846,94.1,360,21.26,79.36
225,40500,3.854,94.9,364,21.15,79.2
226,40680,3.886,102.8,368,21.41,79.77
227,40860,3.869,95.1,370,21.23,79.37
228,41040,3.874,95,364,21.39,79.09
229,41220,3.854,98.6,380,21.24,79.76
230,41400,3.874,97.3,364,21.42,79.09
231,41580,3.858,98.9,380,21.13,79.23
232,41760,3.87,99.8,364,21.43,79.73
233,41940,3.854,94.9,364,21.15,79.02
234,42120,3.869,94.9,368,21.25,79.37
235,42300,3.869,94.6,364,21.13,79.17
236,42480,3.869,102.9,364,21.27,79.6
237,42660,3.87,102.7,364,21.18,79.42
238,42840,3.854,96.3,370,21.38,79.55
239,43020,3.869,94.7,364,21.4,79.62
240,43200,3.869,99.6,364,21.29,79.33
241,43380,3.866,94.8,364,21.29,79.38
242,43560,3.865,95,376,21.3,80.45
243,43740,3.865,102.4,394,21.31,79.79
244,43920,3.869,95.6,364,21.25,79.32
245,44100,3.869,94.9,364,21.29,78.94
246,44280,3.865,96.5,390,21.52,79.65
247,44460,3.87,97.9,394,21.36,79.83
248,44640,3.866,102.7,380,21.36,79.45
249,44820,3.866,102.6,364,21.2,79.14
250,45000,3.866,102.6,374,21.31,79.41
251,45180,3.842,98.5,376,21.39,79.22
252,45360,3.861,96.2,360,21.3,79.69
253,45540,3.865,94.4,360,21.35,79.66
254,45720,3.842,99.8,380,21.2,79.7
255,45900,3.865,101.8,364,21.32,80.18
256,46080,3.866,96.2,370,21.12,80.48
257,46260,3.861,94.8,364,21.33,80.33
258,46440,3.869,94.6,364,21.36,79.91
259,46620,3.853,94.7,360,21.33,79.89
260,46800,3.866,95.2,364,21.24,79.84
261,46980,3.866,94.9,364,21.2,80.35
262,47160,3.861,94.9,364,21.33,80.47
263,47340,3.838,95.9,368,21.32,79.91
264,47520,3.865,102.4,374,21.19,79.86
265,47700,3.865,101.6,394,21.12,80.05
266,47880,3.838,96.5,368,21.09,79.76
267,48060,3.841,96.4,368,21.17,80.01
268,48240,3.862,102.6,364,21.27,80.1
269,48420,3.845,94.8,364,21.15,79.77
270,48600,3.862,102.5,370,21.3,80.23
271,48780,3.841,102.5,394,21.19,79.92
272,48960,3.862,102.4,364,21.2,80.66
273,49140,3.861,96.9,364,21.05,80.43
274,49320,3.845,94.5,360,21.25,80.02
275,49500,3.838,94.6,364,21.15,79.85
276,49680,3.862,101.8,394,21.25,80.02
277,49860,3.861,102.2,386,21.11,80.27
278,50040,3.857,94.6,360,21.14,80
279,50220,3.837,94.3,360,21.09,79.78
280,50400,3.861,95,360,21.25,80.4
281,50580,3.857,94.4,370,20.97,80.45
282,50760,3.858,100.8,360,21.15,80.27
283,50940,3.858,101.6,390,20.4,80.35
284,51120,3.858,101.7,390,21.21,80.25
285,51300,3.858,101.8,374,21.13,80.42
286,51480,3.83,94,358,21.4,80.1
287,51660,3.846,101.4,386,21,79.89
288,51840,3.858,101.7,386,21.13,80.06
289,52020,3.842,101,386,21.14,80.46
290,52200,3.822,95.7,364,20.94,79.85
291,52380,3.858,97.2,386,21.18,80.07
292,52560,3.858,101.9,390,21.18,79.97
293,52740,3.845,101.3,370,21.2,80.06
294,52920,3.85,101.7,386,21.05,80.74
295,53100,3.858,97.8,374,21.12,80.63
296,53280,3.849,93.9,358,21.03,80.23
297,53460,3.83,96.7,370,21.26,80.89
298,53640,3.853,100,364,21.27,80.16
299,53820,3.858,101.5,386,21.2,80.2
300,54000,3.853,94,358,21.15,81.06
301,54180,3.834,101.4,386,21.15,80.29
302,54360,3.853,98.8,384,21.21,80.49
303,54540,3.854,93.7,358,21.13,80.26
304,54720,3.842,101.2,386,21.42,79.98
305,54900,3.858,96.1,358,21.32,81.13
306,55080,3.854,101.4,386,21.35,80.02
307,55260,3.841,101.2,370,21.33,80.44
308,55440,3.849,98.5,368,21.16,80.32
309,55620,3.853,94.1,360,21.3,79.54
310,55800,3.85,99.8,386,21.55,80.72
311,55980,3.838,94.7,364,21.5,80.25
312,56160,3.854,97,368,21.39,80.38
313,56340,3.853,101.6,386,21.48,80.45
314,56520,3.822,101.4,386,21.67,80.4
315,56700,3.834,101.4,386,21.76,80.69
316,56880,3.838,101.2,386,21.48,80.5
317,57060,3.849,101.3,386,21.68,80.48
318,57240,3.853,101.5,390,21.46,76.05
319,57420,3.833,95.6,364,21.52,78.2
320,57600,3.845,101.4,386,21.19,79.26
321,57780,3.842,93.7,358,21.51,79.38
322,57960,3.834,99.9,380,21.41,80.08
323,58140,3.83,101.4,386,21.85,79.89
324,58320,3.85,93.9,360,21.6,79.91
325,58500,3.853,93.7,358,21.81,78.71
326,58680,3.846,96.6,374,21.69,79
327,58860,3.833,100.4,384,22.03,79.38
328,59040,3.841,93.8,358,21.82,76.13
329,59220,3.822,99.8,380,22.03,77.65
330,59400,3.841,101.8,386,21.96,78.51
331,59580,3.846,93.3,358,25.34,80.54
332,59760,3.846,101,364,25.95,76.75
333,59940,3.841,93.7,358,25.98,78.7
334,60120,3.849,94.5,358,24.67,79.54
335,60300,3.845,95.7,364,24.99,80.33
336,60480,3.842,101.4,374,25.06,79.1
337,60660,3.826,99.3,380,25.1,77.99
338,60840,3.834,99.7,380,25.92,79
339,61020,3.841,101.2,386,26.19,79.8
340,61200,3.821,97.6,370,26.33,76.34
341,61380,3.826,101.3,386,26.37,78.45
342,61560,3.845,97.6,358,26.73,79.11
343,61740,3.806,93.2,354,26.85,78.45
344,61920,3.825,93.4,354,26.79,77.81
345,62100,3.837,101.4,384,26.75,77.97
346,62280,3.838,101,384,27.18,79.96
347,62460,3.826,101,384,27.08,76.1
348,62640,3.842,105.4,384,27.16,77.4
349,62820,3.846,99.8,368,27.16,73.54
350,63000,3.826,95.9,368,27.31,76.49
351,63180,3.826,100.8,384,27.28,72.35
352,63360,3.83,100.6,384,27.34,75.29
353,63540,3.818,98.3,374,38.34,81.39
354,63720,3.837,103.2,374,27.33,75.74
355,63900,3.818,97.5,370,32.92,77.79
356,64080,3.831,98.1,374,32.97,77.02
357,64260,3.826,98.2,370,34.13,76.54
358,64440,3.814,97.8,370,33.02,76.56
359,64620,3.783,97.7,368,33.49,76.04
360,64800,3.775,97.9,368,33.33,76.67
361,64980,3.781,103.9,368,33.59,72.37
362,65160,3.782,100.2,394,34.58,76.48
363,65340,3.791,103.4,390,33.84,70.47
364,65520,3.802,97.8,368,33.7,75.26
365,65700,3.802,99.3,370,33.7,70.75
366,65880,3.806,97.5,370,33.65,74.11
367,66060,3.79,97.7,368,33.76,71.44
368,66240,3.807,105.3,370,33.62,74.65
369,66420,3.778,97.3,368,33.68,72.89
370,66600,3.786,99.8,376,33.56,74.97
371,66780,3.778,97.4,368,33.68,74.9
372,66960,3.726,97.5,360,33.2,64.27
373,67140,3.786,101.5,380,33.14,68.4
374,67320,3.754,97.2,364,33.04,71.78
375,67500,3.778,97.1,360,32.99,63.66
376,67680,3.782,97,364,33.09,68.87
377,67860,3.75,103.1,384,32.74,62.54
378,68040,3.761,97.2,390,32.76,64.32
379,68220,3.762,103.1,386,32.32,63.12
380,68400,3.801,104.3,374,32.5,60.92
381,68580,3.778,97.4,368,33.35,65.73
382,68760,3.77,104.2,380,32.91,68.85
383,68940,3.746,97.2,360,32.49,61.36
384,69120,3.782,97.2,368,33.62,66.53
385,69300,3.754,101.4,376,32.7,61.98
386,69480,3.786,99.5,364,32.75,65.02
387,69660,3.762,97.3,364,32.86,59.35
388,69840,3.774,96.9,364,32.58,62.74
389,70020,3.782,97.3,364,32.43,61.56
390,70200,3.797,98.9,386,32.68,65.65
391,70380,3.766,98.9,370,32.69,63.33
392,70560,3.789,96.5,370,32.86,62.81
393,70740,3.785,104.5,376,33.85,65.9
394,70920,3.778,102,380,33.05,65.88
395,71100,3.773,96.5,360,33.15,62.8
396,71280,3.773,97.6,370,34.05,61.77
397,71460,3.774,104.2,386,32.87,58.33
398,71640,3.77,100.1,374,32.53,59.7
399,71820,3.75,96.8,360,32.81,63.04
400,72000,3.769,97.8,364,33.42,59.84
401,72180,3.77,96.7,360,32.46,58.04
402,72360,3.786,104.4,394,32.64,59.8
403,72540,3.79,98.4,370,32.65,62.47
404,72720,3.778,103,386,32.56,61.19
405,72900,3.785,101.3,380,32.84,62.92
406,73080,3.634,102.3,370,34.89,63.85
407,73260,3.51,101.5,354,33.8,57.99
408,73440,3.698,103.4,376,33.45,56.79
409,73620,3.702,97.9,360,33.03,54.95
410,73800,3.717,103.6,364,32.63,54.32
411,73980,3.698,96,354,32.67,53.66
412,74160,3.73,103.6,380,32.51,52.74
413,74340,3.725,103.6,358,32.28,53.59
414,74520,3.654,103.5,360,31.99,52.5
415,74700,3.706,99.7,368,31.99,52.09
416,74880,3.67,95.8,348,31.75,51.6
417,75060,3.686,103.8,376,31.52,51.94
418,75240,3.698,98.6,360,31.32,51.67
419,75420,3.694,96.4,354,31.29,50.98
420,75600,3.634,96.2,350,31.22,50.48
421,75780,3.698,104,380,31.66,50.32
422,75960,3.678,96.5,354,31.18,50.23
423,76140,3.698,97,354,31.11,53.54
424,76320,3.67,102.5,374,31.16,52.67
425,76500,3.686,103.6,380,30.97,52.15
426,76680,3.682,100.9,368,31.08,51.85
427,76860,3.638,96.2,350,30.93,51.32
428,77040,3.662,103.7,380,30.92,51.15
429,77220,3.69,99.5,380,30.77,51.37
430,77400,3.694,96.1,350,30.74,51.47
431,77580,3.714,103.5,376,31.39,54.6
432,77760,3.762,103.4,386,29.45,51.19
433,77940,3.77,103.9,386,31.37,50.33
434,78120,3.75,96.6,360,29.28,50.07
435,78300,3.758,104.1,384,29.01,49.41
436,78480,3.702,96.2,354,29.07,50.03
437,78660,3.657,102.9,374,29.1,51.43
438,78840,3.746,101.4,376,29.11,53.05
439,79020,3.746,101.1,360,29.13,51.76
440,79200,3.714,101.5,360,28.91,50.46
441,79380,3.654,97.1,350,28.86,49.5
442,79560,3.686,103.5,376,28.88,49.65
443,79740,3.666,103.2,376,28.68,49.93
444,79920,3.689,103.4,376,28.88,48.99
445,80100,3.686,101.4,370,28.86,48.83
446,80280,3.682,95.8,350,28.7,48.9
447,80460,3.694,103.2,360,28.83,48.81
448,80640,3.635,105.6,368,29.09,48.9
449,80820,3.626,102.3,368,28.81,48.64
450,81000,3.506,95.6,330,28.88,48.06
451,81180,3.558,101.6,350,31.23,48.3
452,81360,3.498,99,354,28.67,48.31
453,81540,3.494,102.4,354,28.55,48.67
454,81720,3.562,102.8,360,28.5,48.43
455,81900,3.497,102.2,354,29.97,48.76
456,82080,3.63,101.4,364,28.58,48.77
457,82260,3.647,100,360,28.46,48.02
458,82440,3.633,103,368,28.53,47.89
459,82620,3.738,103.6,384,28.6,48.23
460,82800,3.706,96.2,354,28.59,49.66
461,82980,3.73,101.7,384,28.6,53.09
462,83160,3.65,102.5,370,28.56,55.08
463,83340,3.626,102.7,368,28.47,55.82
464,83520,3.646,102.8,370,28.4,52.58
465,83700,3.706,103.1,374,29.08,51.66
466,83880,3.73,103.1,380,28.36,51.45
467,84060,3.718,106.5,380,28.2,51.19
468,84240,3.71,102.8,380,28.07,51.68
469,84420,3.741,103.2,364,29.23,52.3
470,84600,3.709,102.7,374,28.28,52.69
471,84780,3.726,102.7,380,28.37,52.34
472,84960,3.738,95.4,380,28.32,53.76
473,85140,3.69,102.3,374,28.46,57.06
474,85320,3.666,102.5,374,28.38,55.31
475,85500,3.679,105.1,380,22.84,54.27
476,85680,3.683,103.3,376,20.34,54.47
477,85860,3.722,100,370,20.78,53.47
478,86040,3.743,101,374,18.36,50.98
479,86220,3.753,106,376,20,49.95
480,86400,3.746,100.5,374,19.99,50.93
481,86580,3.754,102.7,380,19.97,50.33
482,86760,3.734,106.8,396,20.19,49.94
483,86940,3.758,100.8,384,16.9,50.04
484,87120,3.746,100.9,374,20.11,50.33
485,87300,3.754,100.3,374,17.65,48.59
486,87480,3.739,100.8,376,16.1,46.83
487,87660,3.766,106.9,404,16.06,52.81
488,87840,3.754,101.1,376,15.86,44.56
489,88020,3.745,100.9,374,15.88,44.27
490,88200,3.762,101,374,15.85,43.15
491,88380,3.762,101,376,15.26,43.64
492,88560,3.726,100.3,374,15.11,43.36
493,88740,3.747,100.7,374,15.21,42.75
494,88920,3.758,100.7,396,15.23,42.25
495,89100,3.742,101,376,15.28,42.47
496,89280,3.758,101,374,15.23,41.96
497,89460,3.758,100.6,374,14.57,41.32
498,89640,3.731,101,374,14.6,41.67
499,89820,3.742,100.6,374,14.8,41.94
500,90000,3.754,106.8,396,14.85,41.62
501,90180,3.726,100.4,374,14.88,40.35
502,90360,3.719,105.2,390,14.29,41.5
503,90540,3.734,100.6,374,14.41,41.92
504,90720,3.753,101.1,396,14.88,42.05
505,90900,3.73,101.4,376,14.84,41.8
506,91080,3.753,101,374,14.48,49.51
507,91260,3.747,106.1,394,14.89,47.08
508,91440,3.742,100.7,374,18.41,47.49
509,91620,3.754,103.5,384,17.95,47.22
510,91800,3.742,107.8,374,17.91,45.63
511,91980,3.726,100.3,374,17.9,45.56
512,92160,3.738,101.7,376,17.67,44.95
513,92340,3.726,106.4,394,17.44,43.62
514,92520,3.73,100.8,374,17.71,49.55
515,92700,3.743,107.6,374,17.83,49.15
516,92880,3.75,103.3,384,17.55,48.53
517,93060,3.738,100.7,374,18.15,46.83
518,93240,3.711,101,374,18.17,45.99
519,93420,3.727,101.1,374,17.83,41.53
520,93600,3.726,100.9,374,17.9,49.08
521,93780,3.738,100.9,396,17.99,50.69
522,93960,3.739,100.6,374,17.71,47.5
523,94140,3.738,105.9,400,18.05,46.25
524,94320,3.737,100.8,396,18.26,46.42
525,94500,3.734,101.4,394,18.42,47.5
526,94680,3.742,99.9,374,18.34,52.21
527,94860,3.722,100.2,370,18.43,54.54
528,95040,3.738,104.4,386,18.56,51.71
529,95220,3.718,100.6,370,18.39,47.59
530,95400,3.722,100.3,370,18.53,46.75
531,95580,3.714,100.3,370,18.23,51.2
532,95760,3.746,100.7,374,13.93,57.94
533,95940,3.746,100.2,360,18.47,53.09
534,96120,3.734,100.2,370,18.38,51.63
535,96300,3.726,100.5,370,18.28,50.34
536,96480,3.717,99.9,370,18.09,53.24
537,96660,3.741,102.7,396,13.82,60.24
538,96840,3.738,99.7,370,13.95,55.38
539,97020,3.73,101.5,394,18.58,53
540,97200,3.73,99.7,370,18.47,54.39
541,97380,3.734,99.9,394,18.36,60.29
542,97560,3.714,102.3,380,18.36,54.64
543,97740,3.735,106.5,394,18.35,53.65
544,97920,3.735,106.6,384,13.65,53.33
545,98100,3.67,105.1,384,56.14,71.72
546,98280,3.638,103.8,374,20.85,54.89
1,180,3.442,103.3,350,19.02,55.43
2,360,3.398,105.1,354,24.61,61.92
1,180,3.637,106.1,364,24.35,62.38
2,360,3.706,105.8,386,18.62,62.22
3,540,3.711,106.5,394,20.2,55.57
4,720,3.726,100.9,400,18.84,57.46
5,900,3.738,107.8,374,18.41,59.04
6,1080,3.738,100.3,368,20.92,57.04
7,1260,3.706,99.1,368,19.77,58.5
8,1440,3.727,100.6,370,20.76,61.72
9,1620,3.718,100,368,20.7,56.47
10,1800,3.738,102.8,370,20.48,57.41
11,1980,3.702,101,374,21.53,64.66
12,2160,3.73,103.2,384,20.2,56.85
13,2340,3.722,102,380,20.18,54.79
14,2520,3.734,95.2,354,21.21,61.95
15,2700,3.737,101.7,376,20.92,56.89
16,2880,3.722,101.9,376,20.89,60.06
17,3060,3.754,102,380,20.79,62.27
18,3240,3.755,109.2,376,20.86,56.84
19,3420,3.742,101.8,376,20.6,58.07
20,3600,3.738,96.1,358,20.73,62.86
21,3780,3.739,101.6,376,20.58,58.32
22,3960,3.727,101.8,376,20.84,57.63
23,4140,3.753,101.7,376,20.63,62.18
24,4320,3.715,102.5,380,20.47,58.91
25,4500,3.718,101.4,376,20.52,61.78
26,4680,3.722,101.2,376,20.63,60.97
27,4860,3.714,101.5,376,20.79,57.13
28,5040,3.73,102,376,20.19,56.37
29,5220,3.73,101.5,374,20.34,62.34
30,5400,3.694,101.4,374,20.34,59.07
31,5580,3.699,101.2,374,20.31,55.09
32,5760,3.718,101.4,374,19.95,53.1
33,5940,3.714,101.4,370,20.07,60.1
34,6120,3.726,101.2,380,20.29,62.39
35,6300,3.698,97.7,360,19.85,56.78
36,6480,3.698,102.2,376,20.09,61.53
37,6660,3.694,101.3,374,20.35,63.3
38,6840,3.715,101.5,374,20.15,58.62
39,7020,3.711,104,384,20.02,56.37
40,7200,3.722,101.3,374,20.12,60.95
41,7380,3.69,100.8,370,20.3,62.62
42,7560,3.702,101.6,374,20.16,58.93
43,7740,3.71,100.4,370,18.92,63
44,7920,3.614,102.6,368,21.22,67.69
45,8100,3.643,98.8,358,21.52,66.35
46,8280,3.63,102.7,370,21.52,66.89
47,8460,3.649,105.6,380,21.58,69.77
48,8640,3.603,98.5,354,21.88,68.82
49,8820,3.631,104.4,376,21.72,64.45
50,9000,3.655,106,380,21.61,68.36
51,9180,3.634,103.9,374,22.76,70.93
52,9360,3.649,105.9,370,21.92,67.08
53,9540,3.659,99.7,360,21.96,66.55
54,9720,3.65,106.1,384,22.05,69.81
55,9900,3.646,103.2,374,22.01,69.5
56,10080,3.631,105.8,380,22.07,66.53
57,10260,3.646,106.1,384,21.91,67.33
58,10440,3.638,105.3,380,21.86,70.01
59,10620,3.635,98.1,354,22.07,67.75
60,10800,3.65,98.6,380,22.16,63.89
61,10980,3.65,105.1,376,21.99,67.46
62,11160,3.615,104.8,374,22.07,69.62
63,11340,3.623,105.1,376,21.81,64.21
64,11520,3.638,99.2,358,21.88,67.28
65,11700,3.651,104.6,370,21.95,69.52
66,11880,3.645,105,374,21.99,67.64
67,12060,3.646,105.3,380,21.8,65.5
68,12240,3.627,98.5,354,22.05,68.28
69,12420,3.646,105.2,380,22.05,69.86
70,12600,3.643,105.6,376,21.96,67.31
71,12780,3.618,105,376,21.74,67.26
72,12960,3.642,101.7,374,21.86,69.4
73,13140,3.642,104.7,354,21.84,69.87
74,13320,3.643,106.5,376,22.44,66.48
75,13500,3.642,101.3,368,21.86,68.69
76,13680,3.646,100.3,360,21.99,69.02
77,13860,3.642,99.3,358,22.06,66.51
78,14040,3.633,104.8,376,21.82,66.54
79,14220,3.642,97.5,360,21.87,69.19
80,14400,3.642,105,380,21.89,67.29
81,14580,3.623,104.5,376,21.82,66.08
82,14760,3.618,102,368,21.83,69.16
83,14940,3.638,100.1,368,21.86,70.18
84,15120,3.626,104.4,376,22.11,66.34
85,15300,3.638,104.8,376,21.97,68.14
86,15480,3.638,104.5,376,21.71,70.11
87,15660,3.642,104.5,368,22.05,66.08
88,15840,3.626,104.3,376,21.75,67.62
89,16020,3.641,105,376,21.78,70.46
90,16200,3.638,110.1,374,21.88,66.86
91,16380,3.633,110.9,376,21.83,66.88
92,16560,3.622,104.1,374,22.3,69.3
93,16740,3.638,104.3,374,22.03,71.32
94,16920,3.614,97.6,350,21.92,67.09
95,17100,3.614,98.1,350,21.78,68.84
96,17280,3.622,103.4,370,21.8,70.93
97,17460,3.635,109.3,360,21.82,68.81
98,17640,3.622,104.2,374,21.91,65.61
99,17820,3.634,102.5,350,21.86,68.69
100,18000,3.606,104,374,21.85,71.23
101,18180,3.618,104.1,374,22,69.63
102,18360,3.634,104.4,376,21.89,67.14
103,18540,3.606,103.6,370,21.76,67.78
104,18720,3.618,103.9,374,21.77,69.7
105,18900,3.61,97,348,21.9,71.63
106,19080,3.611,101.9,364,21.83,67.67
107,19260,3.621,111.4,360,21.7,68.62
108,19440,3.614,103.9,374,21.92,70.82
109,19620,3.626,104.1,374,21.9,69.55
110,19800,3.634,104.2,374,21.69,66.08
111,19980,3.63,104.2,374,21.83,68.75
112,20160,3.634,107.1,376,21.88,70.68
113,20340,3.606,103.9,374,21.86,72.97
114,20520,3.633,104.3,376,21.71,68.56
115,20700,3.63,104,374,21.7,69.21
116,20880,3.614,103.9,374,21.8,70.88
117,21060,3.607,101.7,364,21.76,69.62
118,21240,3.63,103.9,374,21.77,66.55
119,21420,3.626,103.3,370,21.8,69.16
120,21600,3.63,103.8,374,21.81,70.84
121,21780,3.63,103.8,374,21.83,70.94
122,21960,3.607,104.1,374,21.7,67.09
123,22140,3.602,103.8,374,21.59,69.82
124,22320,3.626,103.9,374,21.81,71.81
125,22500,3.629,106.3,374,21.69,68.96
126,22680,3.623,110.5,364,21.65,66.46
127,22860,3.626,104,374,21.64,69.66
128,23040,3.598,102.1,368,22.14,71.6
129,23220,3.599,104,374,21.76,72.34
130,23400,3.626,103.9,374,21.72,67.31
131,23580,3.627,104,374,21.47,69.07
132,23760,3.626,104.2,374,21.6,71.38
133,23940,3.625,106.3,384,21.73,72.55
134,24120,3.626,110.9,370,21.79,70.61
135,24300,3.63,104,374,21.58,67.65
136,24480,3.63,104,374,21.54,70.01
137,24660,3.617,103.9,374,22.16,71.87
138,24840,3.618,98,350,21.75,73.9
139,25020,3.618,103.9,374,21.84,70.65
140,25200,3.622,104,370,21.7,70.21
141,25380,3.602,96.8,348,21.71,72.45
142,25560,3.598,103.3,368,21.65,73.85
143,25740,3.605,105,376,21.58,68.98
144,25920,3.622,103.8,370,21.5,69.39
145,26100,3.618,103.2,370,21.7,70.98
146,26280,3.614,110,374,21.61,73.06
147,26460,3.603,103.4,370,21.98,70.45
148,26640,3.595,103.3,370,21.53,69.79
149,26820,3.595,103.4,370,21.57,71.91
150,27000,3.602,103.3,368,21.76,73.86
151,27180,3.617,110.2,370,21.68,69.88
152,27360,3.598,103.4,370,21.6,70.16
153,27540,3.622,101.6,370,21.62,72.23
154,27720,3.622,103.1,370,21.54,74.19
155,27900,3.598,106.4,368,21.65,71.78
156,28080,3.602,103.6,370,21.55,71.13
157,28260,3.61,103.5,370,21.57,72.42
158,28440,3.61,98,350,21.62,73.82
159,28620,3.582,97.3,348,21.99,69.09
160,28800,3.61,103.3,370,21.6,70.87
161,28980,3.614,103,368,21.45,72.76
162,29160,3.618,102.8,348,21.51,74.98
163,29340,3.615,103.1,370,21.72,70.51
164,29520,3.602,103.2,368,21.55,70.76
165,29700,3.606,107.1,374,21.54,72.42
166,29880,3.602,102.9,368,21.57,73.43
167,30060,3.606,109.6,368,21.55,71.07
168,30240,3.618,102.8,368,21.35,70.95
169,30420,3.591,103,368,21.95,73.02
170,30600,3.61,103.6,368,21.69,75.41
171,30780,3.582,102.7,368,21.5,71.19
172,30960,3.614,106.6,380,21.71,70.6
173,31140,3.614,109.8,368,21.5,72.55
174,31320,3.602,103.1,368,21.64,73.87
175,31500,3.61,108,368,21.63,72.09
176,31680,3.613,102.9,368,21.48,69.58
177,31860,3.603,103,368,21.53,72.17
178,32040,3.603,102.6,368,21.62,73.42
179,32220,3.574,102.3,364,21.65,74.47
180,32400,3.586,102.6,364,21.43,69.71
181,32580,3.605,103.1,370,21.35,72.37
182,32760,3.606,102.6,368,21.49,73.5
183,32940,3.605,102.6,390,21.53,75.57
184,33120,3.606,103.8,364,21.85,73.46
185,33300,3.582,102.8,364,21.35,72.21
186,33480,3.606,103.2,368,21.49,73.89
187,33660,3.582,102.2,364,21.63,75.28
188,33840,3.582,104.3,370,21.53,72.4
189,34020,3.605,102.8,390,21.49,70.2
190,34200,3.602,102.8,368,21.45,72.12
191,34380,3.582,107.9,384,21.62,74.85
192,34560,3.606,102.5,368,21.58,75.57
193,34740,3.59,104.7,374,21.4,70.93
194,34920,3.59,107.8,384,21.53,71.9
195,35100,3.598,107.2,380,21.85,73.39
196,35280,3.594,107.6,384,21.42,75.22
197,35460,3.566,102.6,364,21.51,75.51
198,35640,3.602,109.3,364,21.38,70.5
199,35820,3.579,104,370,21.43,73
200,36000,3.579,102.5,364,21.44,75.67
201,36180,3.602,102.3,360,21.72,75.7
202,36360,3.59,106.9,380,21.6,72.39
203,36540,3.583,102,364,21.21,73.04
204,36720,3.571,104.4,370,21.55,74.8
205,36900,3.598,103.4,386,21.68,75.33
206,37080,3.591,109.2,364,21.6,71.52
207,37260,3.59,104.4,364,21.25,72.36
208,37440,3.574,102.4,364,21.29,74.01
209,37620,3.575,109.1,386,21.45,75.54
210,37800,3.591,102.2,364,21.6,73.67
211,37980,3.587,105.6,374,21.37,72.85
212,38160,3.598,101.8,364,21.47,74.55
213,38340,3.57,102,360,21.45,75.22
214,38520,3.594,101.8,360,21.57,75
215,38700,3.559,108.8,386,21.6,71.59
216,38880,3.575,102,360,21.46,73.84
217,39060,3.575,108.6,384,21.62,75.6
218,39240,3.587,107.6,384,21.48,73.98
219,39420,3.574,102,364,21.02,72.72
220,39600,3.582,103.5,368,21.38,74.76
221,39780,3.593,109.1,384,21.57,76.31
222,39960,3.595,108.7,380,21.58,74.71
223,40140,3.586,109,360,21.54,71.67
224,40320,3.59,108.9,386,21.32,73.57
225,40500,3.582,101.8,360,21.65,75.45
226,40680,3.583,107.6,386,21.38,71.87
227,40860,3.582,104.4,368,21.49,72.84
228,41040,3.582,101.9,360,21.52,74.76
229,41220,3.586,103.6,360,21.52,71.53
230,41400,3.57,101.6,360,21.86,69.58
231,41580,3.583,101.6,360,21.28,72.11
232,41760,3.586,103.2,364,21.49,74.07
233,41940,3.578,103.7,374,21.89,73.31
234,42120,3.578,101.5,360,21.47,68.53
235,42300,3.567,101.5,358,21.54,71.59
236,42480,3.574,101.6,360,21.47,73.51
237,42660,3.563,102.1,360,21.55,71.63
238,42840,3.579,101.5,360,21.72,70.55
239,43020,3.575,101.5,360,21.48,72.63
240,43200,3.579,108,384,22.11,72.84
241,43380,3.574,107.9,380,21.72,68.8
242,43560,3.578,108.3,384,21.59,71.93
243,43740,3.574,105,364,21.65,73.29
244,43920,3.579,106.1,364,21.62,70.41
245,44100,3.554,108.1,380,21.57,71.52
246,44280,3.562,108,380,22.15,71.41
247,44460,3.571,102.9,358,21.82,73.37
248,44640,3.582,107.8,380,21.87,70.97
249,44820,3.574,103.5,368,22.02,73.61
250,45000,3.575,103.9,360,21.7,69.16
251,45180,3.551,101.2,358,21.84,72.18
252,45360,3.547,107.7,376,21.86,72.06
253,45540,3.558,107.6,368,21.82,68.68
254,45720,3.553,107.9,376,21.98,75.76
255,45900,3.551,107.6,376,22.19,76.53
256,46080,3.543,100.7,350,22.29,75.89
257,46260,3.523,106.5,374,22.2,74.03
258,46440,3.515,106.1,370,22.22,73.98
259,46620,3.523,101,354,22.19,73.45
260,46800,3.546,105.1,376,22.45,73.17
261,46980,3.546,107.4,376,22.3,72.49
262,47160,3.543,102.2,358,22.29,72.99
263,47340,3.541,107.2,374,22.39,72.3
264,47520,3.547,107.2,368,22.32,72.59
265,47700,3.541,106.9,354,22.34,72.78
266,47880,3.527,100.2,350,22.39,72.58
267,48060,3.541,106.9,374,22.33,72.03
268,48240,3.527,100.2,350,22.37,72.23
269,48420,3.537,106.7,364,22.36,69.58
270,48600,3.547,100.6,350,22.32,72.67
271,48780,3.547,106.8,374,22.53,70.55
272,48960,3.539,106.6,370,22.88,71.74
273,49140,3.538,106.6,364,22.49,70.92
274,49320,3.538,106.6,370,22.86,70.91
275,49500,3.534,104.4,350,22.6,73.02
276,49680,3.538,100.2,348,22.87,75.11
277,49860,3.539,106.6,374,22.78,72.9
278,50040,3.535,100,350,22.75,68.3
279,50220,3.538,106.7,374,22.82,68.2
280,50400,3.529,106.5,370,22.63,68.32
281,50580,3.507,100.5,350,22.69,67.32
282,50760,3.53,106.3,374,22.48,67.99
283,50940,3.529,106.5,374,22.55,65.35
284,51120,3.527,106.4,370,23.01,67.38
285,51300,3.515,105.5,368,22.68,64.09
286,51480,3.522,103.1,358,22.57,66.95
287,51660,3.526,106.4,370,22.61,63.31
288,51840,3.531,101,350,22.62,67.14
289,52020,3.531,106.4,370,22.76,63.05
290,52200,3.519,105.7,368,22.82,66.52
291,52380,3.499,106.4,370,22.75,63.25
292,52560,3.511,106,370,22.82,66.09
293,52740,3.526,105.7,370,22.96,64.33
294,52920,3.526,99.9,350,23.62,66.3
295,53100,3.526,109,354,23,63.58
296,53280,3.503,105.9,368,22.98,64.7
297,53460,3.526,106.1,368,22.97,64.12
298,53640,3.526,105.9,370,22.96,65.03
299,53820,3.511,106.1,368,23.01,62.06
300,54000,3.522,101,348,22.98,62.97
301,54180,3.515,106,368,22.98,63.53
302,54360,3.522,106.3,370,22.9,61.63
303,54540,3.499,108.3,376,22.89,64.33
304,54720,3.522,106.1,368,22.71,59.58
305,54900,3.507,106,370,23.34,64.95
306,55080,3.523,106.3,370,22.86,61.37
307,55260,3.511,99.4,344,22.87,63.56
308,55440,3.522,105.8,370,22.87,63.26
309,55620,3.518,105.9,368,22.99,62.87
310,55800,3.523,111.3,386,22.82,62.14
311,55980,3.487,105.7,368,22.91,61.94
312,56160,3.491,99.2,344,22.94,63.21
313,56340,3.507,105.9,368,22.56,59.88
314,56520,3.487,105.3,364,23,63.52
315,56700,3.513,106.8,368,23.03,61.84
316,56880,3.491,105.7,368,23.5,63.04
317,57060,3.519,105.3,380,23.06,61.03
318,57240,3.518,105.4,368,23.08,62.9
319,57420,3.518,105.5,374,22.86,59.72
320,57600,3.483,99.8,348,23.47,62.52
321,57780,3.514,101.9,368,23.15,61.84
322,57960,3.511,105.3,368,23.23,63.11
323,58140,3.499,105.1,364,23.21,64.37
324,58320,3.511,104.9,348,23.2,60.11
325,58500,3.506,105.5,368,23.32,60.92
326,58680,3.507,105.3,374,23.41,61.97
327,58860,3.506,111.8,364,23.04,59.43
328,59040,3.51,106.3,374,23.16,60.44
329,59220,3.487,102.3,354,23.36,62.45
330,59400,3.487,105.1,364,23.32,59.48
331,59580,3.498,99.7,344,23.43,61.48
332,59760,3.509,110.9,368,23.4,61.97
333,59940,3.507,104.9,386,23.81,61.14
334,60120,3.482,99.1,344,23.58,60.73
335,60300,3.49,105.4,364,23.68,61.13
336,60480,3.511,104.9,364,23.4,60.56
337,60660,3.495,104.9,364,23.91,60.86
338,60840,3.509,105.8,364,23.61,61.05
339,61020,3.507,104.8,364,23.87,60.56
340,61200,3.482,104.8,364,23.7,60.32
341,61380,3.498,104.8,360,23.83,59.42
342,61560,3.509,107.9,376,24.54,58.59
343,61740,3.509,105.9,364,23.88,58.35
344,61920,3.501,104.5,374,23.96,58.86
345,62100,3.474,104.7,364,24.09,55.43
346,62280,3.483,106.9,370,24.22,60.09
347,62460,3.507,111.5,370,24.77,60.77
348,62640,3.483,104.6,360,24.89,59.72
349,62820,3.498,110.7,360,24.13,59.5
350,63000,3.503,110.4,384,24.14,57.67
351,63180,3.506,104.8,368,24.92,59.88
352,63360,3.503,110.9,384,24.4,57.16
353,63540,3.507,110.8,384,24.18,59.57
354,63720,3.503,109.9,364,24.11,57.23
355,63900,3.495,104.7,364,23.95,58.54
356,64080,3.498,105.9,360,24.22,54.67
357,64260,3.506,109.5,364,24.08,58.4
358,64440,3.506,105.2,360,24.46,56.59
359,64620,3.479,104.7,360,23.93,59.27
360,64800,3.502,106.2,364,23.96,58.55
361,64980,3.502,104.5,368,23.8,57.54
362,65160,3.479,103.6,358,24.3,59.19
363,65340,3.501,110.7,364,24.69,55.96
364,65520,3.47,104.4,360,23.69,58.58
365,65700,3.471,103,354,23.67,58.19
366,65880,3.49,104.2,360,23.82,58.96
367,66060,3.498,104.4,360,22.83,60.45
368,66240,3.502,110.7,384,24,56.87
369,66420,3.49,110.7,384,23.68,58.24
370,66600,3.49,104.3,360,23.58,60.12
371,66780,3.49,108.6,374,23.8,56.1
372,66960,3.49,104.4,360,23.87,58.55
373,67140,3.482,105.3,364,23.63,59.31
374,67320,3.463,107.2,370,23.61,58.11
375,67500,3.475,107.1,368,23.56,58.98
376,67680,3.487,109.3,360,23.71,56.64
377,67860,3.497,110.9,374,23.64,58.31
378,68040,3.493,110.8,380,23.71,58.35
379,68220,3.495,110.5,380,23.38,57.73
380,68400,3.486,110.6,384,23.66,58.84
381,68580,3.486,110.2,380,23.49,55.09
382,68760,3.494,106.9,364,23.47,56.81
383,68940,3.486,104.3,360,23.33,58.99
384,69120,3.487,106.7,360,23.45,57.34
385,69300,3.495,107.2,370,23.28,59.38
386,69480,3.486,107,374,23.49,56.79
387,69660,3.454,104.4,360,23.42,58.44
388,69840,3.482,107.8,360,23.59,56.14
389,70020,3.495,103.8,358,23.98,57.56
390,70200,3.479,103.4,358,23.75,56.35
391,70380,3.482,109.4,364,23.59,58.05
392,70560,3.481,110.5,376,23.53,60.08
393,70740,3.471,103.9,358,23.61,59.23
394,70920,3.49,109.6,360,24.04,66.54
395,71100,3.483,108.8,374,23.79,61.99
396,71280,3.39,110.9,350,19.62,59.93
1,180,3.482,101.6,370,22.49,63.05
2,360,3.485,111.7,360,22.21,60.56
3,540,3.487,105.7,364,13.87,53.12
4,720,3.491,105.6,368,12.48,52.89
5,900,3.483,105.5,364,13.05,51.3
6,1080,3.463,104.4,358,12.28,52.54
7,1260,3.475,105.5,364,10.92,48.34
8,1440,3.491,105.7,358,5.35,49.05
9,1620,3.495,105.9,364,5.43,47.96
10,1800,3.491,104,358,9.32,48.74
11,1980,3.451,103,354,9.33,49.17
12,2160,3.487,112.1,368,9.47,48.3
13,2340,3.49,106,368,9.64,46.33
14,2520,3.491,111.5,384,9.61,48.53
15,2700,3.491,105.3,364,8.37,50.59
16,2880,3.494,100.6,364,10.26,50.87
17,3060,3.487,105.6,364,10.16,53.32
18,3240,3.486,111.7,364,10.17,50.42
19,3420,3.479,105.5,364,10,52.03
20,3600,3.459,105.3,364,9.92,51.91
21,3780,3.487,105.7,364,9.59,51.05
22,3960,3.474,101.8,350,9.89,53.77
23,4140,3.483,105.4,344,9.7,50.62
24,4320,3.478,105.3,364,9.48,54.03
25,4500,3.483,112.1,364,9.52,53.83
26,4680,3.463,107.3,370,9.45,52.26
27,4860,3.455,105,360,7.73,53.83
28,5040,3.478,111.7,360,9.26,53.25
29,5220,3.475,110.2,360,8.77,52.14
30,5400,3.483,107.4,360,8.45,51.85
31,5580,3.487,105.3,364,8.1,49.73
32,5760,3.49,104.6,360,-66.23,67.77
33,5940,3.486,106.7,370,69.15,67.05
34,6120,3.479,105.4,364,-66.74,65.34
35,6300,3.467,108.3,374,-65.43,67.58
36,6480,3.463,105,360,69.69,67.13
37,6660,3.479,105.6,364,71.39,66.55
38,6840,3.482,100.4,360,71.92,67.09
39,7020,3.447,105.1,360,71.84,66.81
40,7200,3.483,111.8,370,71.17,66.45
41,7380,3.463,105,360,70.75,66.29
42,7560,3.486,105.1,360,70.89,66.31
43,7740,3.471,103.1,354,70.85,66.37
44,7920,3.475,108.8,374,70.73,66.22
45,8100,3.483,105,358,71.15,66.1
46,8280,3.479,111.7,360,22.08,59.15
47,8460,3.47,105.1,380,22.13,61.54
48,8640,3.475,106.3,376,21.85,61.98
49,8820,3.459,108,370,21.97,61.53
50,9000,3.475,106.5,370,22.22,63.54
51,9180,3.482,105.1,360,21.82,64.5
52,9360,3.482,104.8,360,22.05,62.58
53,9540,3.471,106.2,364,22.17,62.48
54,9720,3.462,104.6,360,22.24,57.02
55,9900,3.462,105,360,21.87,61.08
56,10080,3.478,104.8,360,21.92,59.39
57,10260,3.479,109.9,368,21.9,60.86
58,10440,3.414,103.5,350,27.43,62.66
59,10620,3.427,103,350,27.13,63.59
60,10800,3.451,105.5,360,27.01,64.08
61,10980,3.454,110.4,374,27.02,69.5
62,11160,3.434,105.9,360,27.26,70.88
63,11340,3.427,103.6,354,27.26,71.87
64,11520,3.443,103.5,350,27.39,73.4
65,11700,3.457,108.9,360,27.51,75.28
66,11880,3.45,110.1,376,27.5,76.73
67,12060,3.451,106.9,354,27.76,76.7
68,12240,3.447,109.7,374,27.85,76.82
69,12420,3.454,104.3,354,27.87,78.77
70,12600,3.443,103.3,350,28.08,76.94
71,12780,3.446,103.5,350,27.99,78.29
72,12960,3.447,109.8,374,28.19,78.99
73,13140,3.447,109.8,374,28.14,79.17
74,13320,3.447,110,374,28.26,78.22
75,13500,3.446,104.9,350,28.19,78.52
76,13680,3.454,109.7,374,28.23,80.25
77,13860,3.406,109.2,368,28.29,77.29
78,14040,3.434,109.3,370,28.13,76.35
79,14220,3.454,110.1,354,28.44,75.05
80,14400,3.443,110,354,27.96,74.81
81,14580,3.43,103.9,354,27.88,75.11
82,14760,3.431,104.8,358,27.9,73.97
83,14940,3.431,103.4,350,27.94,75.75
84,15120,3.427,103.2,350,27.83,74.71
85,15300,3.431,110,374,27.71,75.58
86,15480,3.427,103.8,354,27.69,75.44
87,15660,3.446,110.2,376,27.82,73.7
88,15840,3.162,111.4,348,39.27,81.68
89,16020,3.259,104.7,338,35.01,75.98
90,16200,3.347,103.7,344,35.5,77.41
91,16380,3.358,105,350,35.62,78.41
92,16560,3.362,109.1,350,35.58,77.46
93,16740,3.347,102.3,338,35.67,77.69
94,16920,3.343,108.2,358,35.52,78.98
95,17100,3.363,104.3,348,35.5,78.02
96,17280,3.367,104.3,348,35.64,79.15
97,17460,3.363,108.4,360,35.48,79.85
98,17640,3.363,108.9,360,35.46,82.22
99,17820,3.342,103.1,340,35.38,79.38
100,18000,3.331,105.7,348,35.49,81.22
101,18180,3.331,102.4,338,35.5,82.05
102,18360,3.335,102.7,338,35.45,79.79
103,18540,3.35,103,340,35.43,81.7
104,18720,3.343,108.8,350,35.15,81.55
105,18900,3.35,108.8,344,35.62,79.76
106,19080,3.35,107.6,338,35.33,81.38
107,19260,3.351,104.3,344,35.56,82.29
108,19440,3.247,104,334,35.38,79.47
109,19620,3.346,108.4,358,35.52,82.07
110,19800,3.35,109.1,358,35.69,82.97
111,19980,3.338,108.3,358,35.57,79.58
112,20160,3.343,108.5,358,35.5,76.68
113,20340,3.354,109.1,354,35.31,73.74
114,20520,3.347,103.2,340,35.25,71.96
115,20700,3.35,108.8,360,35.11,73.42
116,20880,3.33,106.8,354,35.1,73.57
117,21060,3.331,102.7,338,35.01,72.75
118,21240,3.338,108.9,350,35.1,73.24
119,21420,3.346,108.7,360,34.95,72.91
120,21600,3.326,108.9,358,34.98,72.75
121,21780,3.334,108.8,358,34.99,71.13
122,21960,3.338,102.5,338,34.82,72.43
123,22140,3.341,107.1,360,34.74,72.86
124,22320,3.337,105.1,360,34.74,72.28
125,22500,3.339,109,338,34.61,73.11
126,22680,3.338,102.9,340,34.68,72.23
127,22860,3.323,108.8,358,34.54,72.64
128,23040,3.326,109,360,34.54,73.37
129,23220,3.211,103.9,330,34.5,71.87
130,23400,3.322,109,360,34.56,72.8
131,23580,3.342,109.1,348,34.36,73.43
132,23760,3.339,111.6,358,34.44,71.81
133,23940,3.342,104,334,34.62,73.68
134,24120,3.326,108.8,358,34.54,73.1
135,24300,3.339,104.8,344,34.5,73.27
136,24480,3.339,108.8,360,34.27,74.07
137,24660,3.222,102.3,334,34.38,71.07
138,24840,3.319,102.3,338,34.33,74.41
139,25020,3.339,108.9,360,34.26,72.75
140,25200,3.334,105.5,348,34.39,74.35
141,25380,3.335,109.4,354,34.31,73.39
142,25560,3.33,108.9,358,34.43,74.37
143,25740,3.335,108.5,358,34.09,74.31
144,25920,3.319,108.5,358,34.33,74.32
145,26100,3.334,108.8,360,34.57,75.11
146,26280,3.335,102.5,338,34.22,73.01
147,26460,3.319,108.8,358,34.24,74.61
148,26640,3.319,108.7,358,34.12,73.54
149,26820,3.339,108.8,358,34.17,75.2
150,27000,3.334,108.8,358,34.16,74.07
151,27180,3.339,108.8,360,34.22,74.93
152,27360,3.335,108.9,358,34.06,74.24
153,27540,3.335,108.5,340,34.15,74.8
154,27720,3.322,108.8,358,34,74.81
155,27900,3.335,108.5,358,34.03,74.05
156,28080,3.331,102,334,33.95,74.99
157,28260,3.327,107.5,354,34.06,74.71
158,28440,3.331,107.7,354,34.31,75.25
159,28620,3.338,108.6,358,34.39,75.38
160,28800,3.318,108.5,358,33.95,75.17
161,28980,3.33,108.4,358,33.91,72.99
162,29160,3.335,108.5,358,33.98,75.31
163,29340,3.314,102.2,334,34.02,74.75
164,29520,3.318,108.3,358,33.9,75.42
165,29700,3.323,107.9,354,33.94,73.62
166,29880,3.33,108.8,354,33.95,75.41
167,30060,3.33,102,350,33.98,74.99
168,30240,3.331,108.5,358,33.89,75.29
169,30420,3.327,105.8,348,33.99,74.71
170,30600,3.331,108.5,358,33.81,75.65
171,30780,3.323,108.2,354,33.81,75.44
172,30960,3.33,113.4,358,34.18,75.83
173,31140,3.315,105.3,348,33.79,74.53
174,31320,3.33,107.7,358,33.82,75.83
175,31500,3.318,106.8,350,34.06,74.21
176,31680,3.331,108.3,358,33.68,75.75
177,31860,3.327,106.2,348,33.74,75.15
178,32040,3.331,108.2,358,33.74,75.74
179,32220,3.334,103.8,354,33.75,75.83
180,32400,3.319,101.6,334,33.75,75.82
181,32580,3.318,108.4,358,34.36,76.15
182,32760,3.315,108.3,358,33.55,76.22
183,32940,3.314,101.6,334,33.69,77.25
184,33120,3.33,107.8,350,33.5,76.08
185,33300,3.334,112,358,33.61,77.15
186,33480,3.33,108,358,33.73,76.08
187,33660,3.315,102.1,334,33.41,78.16
188,33840,3.311,108.2,358,33.57,75.19
189,34020,3.319,108.3,358,33.58,76.62
190,34200,3.335,106.3,350,33.38,75.03
191,34380,3.322,108.1,354,33.54,76.6
192,34560,3.334,108.3,358,33.55,77.26
193,34740,3.223,107.1,340,33.45,76.5
194,34920,3.327,106.5,350,33.59,77.63
195,35100,3.314,103.7,340,33.47,75.93
196,35280,3.319,107.8,354,33.46,76.5
197,35460,3.318,104.7,344,33.52,76.44
198,35640,3.331,108.6,358,33.26,76.84
199,35820,3.33,109,350,33.37,77.46
200,36000,3.327,106.6,350,33.43,76.89
201,36180,3.323,107.9,354,33.54,78.33
202,36360,3.331,108.1,354,33.35,76.56
203,36540,3.33,109.9,354,33.51,77.83
204,36720,3.319,108.3,358,33.35,74.9
205,36900,3.33,107.4,338,33.39,77.68
206,37080,3.331,107.8,354,33.45,78.85
207,37260,3.327,104.4,354,33.38,77.16
208,37440,3.327,108.1,354,33.41,78.51
209,37620,3.315,107.5,354,33.34,77.04
210,37800,3.315,102.9,338,33.63,78.13
211,37980,3.33,108.2,358,33.19,76.23
212,38160,3.331,107.7,354,33.52,77.85
213,38340,3.33,108,338,33.25,78.17
214,38520,3.331,107.6,344,33.57,77.46
215,38700,3.315,107.8,354,33.22,79.09
216,38880,3.319,107.7,354,33.31,77.29
217,39060,3.319,107.8,354,33.14,78.43
218,39240,3.327,107.7,354,33.14,77.03
219,39420,3.323,107.1,350,33.1,78.16
220,39600,3.327,114.2,368,33.24,77.88
221,39780,3.254,113,360,33.14,77.88
222,39960,3.326,107.7,358,33.19,79.1
223,40140,3.327,108,354,33.11,76.93
224,40320,3.343,107.6,358,32.04,79.06
225,40500,3.358,102.8,358,31.92,77.23
226,40680,3.343,108,358,31.91,78.26
227,40860,3.342,106,350,31.87,79.22
228,41040,3.335,107.7,358,31.78,77.68
229,41220,3.339,107.5,354,31.79,78.22
230,41400,3.355,107.5,358,31.71,77.56
231,41580,3.275,106.8,344,31.61,78.75
232,41760,3.355,107.5,358,31.67,76.7
233,41940,3.354,107.9,358,31.63,77.97
234,42120,3.339,107.3,354,31.53,79.37
235,42300,3.347,107.7,358,31.52,77.81
236,42480,3.334,110.8,368,31.6,79.05
237,42660,3.359,113,376,31.57,76.27
238,42840,3.347,107.6,358,31.31,78.02
239,43020,3.354,109,368,31.56,79.09
240,43200,3.339,107.5,358,31.48,77.45
241,43380,3.359,113.7,358,31.27,78.53
242,43560,3.342,107.2,354,31.54,80.15
243,43740,3.354,110.7,358,31.47,77.98
244,43920,3.339,104.1,344,31.27,79.55
245,44100,3.351,107.4,354,31.58,78.69
246,44280,3.331,107,348,31.37,78.28
247,44460,3.354,113.1,370,31.43,79.41
248,44640,3.354,107.5,340,31.36,77.78
249,44820,3.335,108.4,360,31.35,78.79
250,45000,3.347,101.3,334,31.2,79.9
251,45180,3.351,107.3,354,31.12,78.19
252,45360,3.343,107.5,354,31.29,78.89
253,45540,3.355,112.7,354,31.18,80.04
254,45720,3.339,100.9,334,31.19,78.81
255,45900,3.334,107.4,358,30.64,80.15
256,46080,3.35,113.8,354,31.4,78.11
257,46260,3.35,107.4,340,31.08,78.95
258,46440,3.351,112.5,354,31.22,80.26
259,46620,3.346,107.8,358,31.06,78.74
260,46800,3.355,113.7,358,31.25,80.05
261,46980,3.351,107.5,358,31.16,78.82
262,47160,3.353,109.8,364,31.12,78.75
263,47340,3.335,105.5,348,31.19,79.9
264,47520,3.347,107.3,354,31.13,77.16
265,47700,3.347,107.6,354,31.06,79
266,47880,3.351,113.1,354,31.21,79.84
267,48060,3.351,107.2,354,30.93,77.77
268,48240,3.351,107.3,364,31.14,78.92
269,48420,3.343,107.3,354,30.99,80.67
270,48600,3.335,108.6,360,31.06,77.99
271,48780,3.35,105.4,350,31.22,78.88
272,48960,3.347,110,354,31.09,80.27
273,49140,3.343,107.1,354,31.1,78.58
274,49320,3.351,110.5,364,30.98,79.51
275,49500,3.35,107.5,354,31.02,80.68
276,49680,3.331,107.1,354,30.96,78.85
277,49860,3.347,107.1,350,30.98,79.82
278,50040,3.343,107,354,30.97,79.14
279,50220,3.35,112.4,354,31.05,79.28
280,50400,3.343,109.5,360,30.95,80.82
281,50580,3.334,106.8,354,31.05,78.97
282,50760,3.339,106.7,354,31.06,79.8
283,50940,3.351,107.4,354,30.99,77.69
284,51120,3.339,106.9,354,31.02,79.01
285,51300,3.35,113,358,30.91,76.79
286,51480,3.346,106.6,344,30.93,79.05
287,51660,3.345,108.2,354,31.18,77.81
288,51840,3.331,107,350,31.08,78.18
289,52020,3.339,111.7,370,31.25,79.23
290,52200,3.331,112.7,374,31.06,76.94
291,52380,3.339,111.4,368,31.14,77.63
292,52560,3.341,107.6,354,30.93,76.03
293,52740,3.347,105.6,354,31.04,77.46
294,52920,3.343,112.4,354,31.05,75.97
295,53100,3.338,108,368,31.15,78.32
296,53280,3.341,112.6,354,30.96,74.31
297,53460,3.347,107.1,354,31.26,78.18
298,53640,3.327,106.4,350,31.26,75.01
299,53820,3.339,109.8,364,31.37,76.64
300,54000,3.339,106.9,354,31.39,75.82
301,54180,3.345,112.7,358,31.47,77.8
302,54360,3.323,111.9,370,31.25,76.11
303,54540,3.343,109.3,360,31.58,75.56
304,54720,3.335,108.5,364,31.55,76.85
305,54900,3.339,106.1,350,31.57,74.96
306,55080,3.342,112.2,360,31.62,76.92
307,55260,3.338,112.6,350,31.46,74.85
308,55440,3.335,106.7,354,31.49,75.51
309,55620,3.339,110.2,364,31.65,75.46
310,55800,3.327,109.8,360,31.84,76.65
311,55980,3.323,106.1,350,31.88,77.4
312,56160,3.323,106.1,348,31.99,76.79
313,56340,3.247,109.8,350,35.76,76.09
314,56520,3.311,114.6,374,29.57,72.84
1,180,3.33,111.6,360,29.05,75.5
2,360,3.331,114.3,374,30.26,72.28
3,540,3.307,108.9,358,30.27,74.21
4,720,3.311,114.5,376,44.2,55.26
5,900,3.343,112.5,370,-49.51,52.79
6,1080,3.331,107.7,350,29.29,73.05
1,180,3.45,108.6,374,25,69.18
1,180,3.498,105.3,368,22.4,56.98
2,360,3.523,108.3,380,39.47,50.67
3,540,3.529,111,370,24.83,55.76
4,720,3.511,106.3,370,24.43,54.7
5,900,3.511,108.1,376,23.58,52.92
6,1080,3.511,106.7,374,24.38,56.65
7,1260,3.103,111.9,348,36.44,60.41
8,1440,3.346,111.7,354,26.65,57.29
9,1620,3.274,112.4,344,30.66,61.66
10,1800,3.247,111.3,340,31.42,61.4
11,1980,3.342,112.6,354,31.39,59.88
12,2160,2.972,110.6,330,20.55,56.66
1,180,3.431,107.8,350,28.8,60.27
2,360,3.202,104.3,348,24.29,69.06
3,540,3.134,103.3,322,76.79,70.95
1,180,3.406,104.5,354,23.73,55.85
2,360,3.386,107.1,358,22.05,55.24
1,180,0,inf,0,20.12,0
2,360,0,inf,0,19.97,0
3,540,0,inf,0,20.12,0
4,720,0,inf,0,19.96,0
1,180,0,inf,0,19.94,0
2,360,0,inf,0,23.3,0
1,180,0,inf,0,20.68,0
2,360,0,inf,0,19.53,0
1,180,0,0.3,0,-5.41,72.02
2,360,0.004,-0.6,0,-66.87,48.96
1,180,0.004,-0.2,0,-66.87,48.89
2,360,0.02,-0.4,0,-66.74,47.71
1,180,0,inf,0,-27.65,100
2,360,0,nan,0,86.9,94.99
3,540,0,nan,0,63.14,0
1,180,0,inf,0,-65.86,78.06
1,180,0,inf,0,-22.11,0
1,180,0,inf,0,78.96,11.78
2,360,0,inf,0,68.21,14.8
1,180,0,inf,0,73.87,19.56
2,360,3.194,109.9,344,67.76,22.87
1,180,3.247,111.5,338,60.34,14.95
2,360,3.379,113.9,380,75.37,20.25
1,180,3.495,115.6,400,74.44,20.3
2,360,3.495,118.8,412,92.2,25.7
1,180,3.495,112.5,390,76.79,22.34
2,360,3.499,118.3,410,86.21,23.45
1,180,3.499,118.1,410,86.59,24.19
2,360,3.506,113.2,396,67.92,18.07
1,180,3.488,117,404,93.53,28.54
2,360,3.511,112.3,390,-34.87,1.4
3,540,3.317,141.3,462,-14.8,16.95
1,180,3.342,141.5,468,-4.53,22.96
2,360,3.412,119.9,406,6.51,30.03
1,180,3.326,139.3,458,-18.67,14.13
2,360,3.257,141.3,452,-6.64,21.2
1,180,3.309,145.6,466,-8.16,20.85
2,360,3.218,141.8,452,-9.86,19.19
1,180,3.23,145.1,448,-9.49,20.19
2,360,3.306,138,448,-31.31,3.43
1,180,3.274,139.9,466,-11.69,17.64
2,360,3.206,146.3,466,-2.18,23.85
1,180,3.27,143.4,466,-11.63,18.82
2,360,3.295,144.1,468,-7.69,22.14
1,180,3.263,145.1,456,-21.92,11.82
2,360,3.301,138.4,452,-32.95,16.42
1,180,3.201,139.5,440,-16.78,14.65
2,360,3.297,145.4,466,-13.95,17.48
1,180,3.299,114.5,386,5.95,29.15
2,360,3.03,136.8,410,-18.6,15.45
1,180,3.061,135.4,404,-47.14,4.19
2,360,3.328,116.2,404,12.14,31.66
1,180,3.324,120.5,396,11,31.79
2,360,3.134,145.7,452,0.43,25.3
1,180,3.195,112.6,358,0.42,29.56
2,360,3.231,140.9,452,-2.16,23.62
1,180,3.281,147.3,478,7.44,28.14
2,360,3.265,132.1,430,-9.34,18.75
1,180,3.261,142.6,452,-4.97,21.43
2,360,3.082,138.3,420,-16.16,22.53
1,180,2.914,139.8,404,-12.88,19.87
2,360,3.129,127.1,394,-0.63,25.01
1,180,3.181,133.7,420,3.2,27.39
2,360,3.138,0,482,-23.15,9.59
1,180,3.216,120,384,9.2,31.12
1,180,3.04,126.7,384,-5.38,22.89
2,360,0.01,109.1,374,-17.94,15.71
1,180,3.434,105.8,360,-17.32,15.74
2,360,3.328,123.2,406,-22.79,12.7
1,180,3.331,124.3,406,-21.93,13.28
1,180,3.277,0,448,-29.96,8.91
1,180,2.861,137.4,396,-14.25,17.72
1,180,2.927,121.6,340,-17.03,16.05
2,360,2.843,125,354,-14.99,17.12
3,540,2.932,119.4,344,-16.34,16.41
4,720,2.892,117.5,334,-13.11,18.72
5,900,2.871,122.9,358,-12.14,18.88
6,1080,2.831,124.9,360,-14.43,17.7
7,1260,2.888,121.1,348,-14.65,18.09
8,1440,0.011,0,442,-18.87,15
1,180,3.744,117.3,440,-22.57,12.31
2,360,3.411,0,400,-19.33,14.8
1,180,3.175,122,370,1.73,27.23
1,180,3.058,106.2,328,62.16,63.15
1,180,0.013,115.9,412,-10.41,18.19
2,360,3.211,0,370,11.56,32.11
1,180,3.465,124.9,440,8.8,31.14
2,360,3.833,97.4,370,-18.68,9.3
1,180,3.415,124.7,422,0.73,26.19
2,360,3.874,95.2,368,-25.62,11.3
1,180,3.668,116.4,422,-14.78,17.65
2,360,3.929,102.2,370,-66.87,0
3,540,3.91,101.4,394,-66.86,0
1,180,4.033,91.5,376,21.43,58.24
2,360,3.973,96.1,380,21.52,57.05
3,540,4.023,100.4,404,21.62,56.19
4,720,3.623,111.9,394,21.09,57.17
1,180,4.025,90.7,364,17.31,61.03
2,360,4.022,98.4,394,17.36,60.86
3,540,4.017,90.9,384,17.14,61.02
4,720,4.006,97.6,390,17.14,60.66
5,900,4.002,97.7,390,17.11,60.54
6,1080,4.014,89.6,390,17.21,60.98
7,1260,4.017,95.1,386,17,61.43
8,1440,4.012,97.5,390,17.06,61.81
9,1620,4.01,97.7,390,17.06,62.25
10,1800,3.994,97.5,390,17.17,62.77
11,1980,3.99,97.6,390,17.14,62.8
12,2160,3.99,91.1,364,17.11,63.31
13,2340,4.009,94.5,386,17.31,63.45
14,2520,3.997,97.2,386,17.19,63.8
15,2700,3.998,96.9,386,17.21,64.17
16,2880,4.01,104,386,17.04,64.28
17,3060,3.99,95.4,380,17.21,64.92
18,3240,3.997,97,386,17.19,64.32
19,3420,3.986,97,386,17.15,64.37
20,3600,3.994,97,386,17.18,64.4
21,3780,3.993,97.3,386,17.09,64.32
22,3960,4.006,96.7,384,17.13,63.89
23,4140,3.986,90.3,358,17.06,63.17
24,4320,4.006,96.7,384,17.01,62.55
25,4500,4.006,100,384,16.98,62.03
26,4680,3.997,99.4,386,16.89,61.72
27,4860,3.99,96.9,368,16.85,61.38
28,5040,3.994,96.6,384,16.85,61.13
29,5220,4,104.8,390,16.93,61.12
30,5400,3.994,96.9,384,16.9,60.88
31,5580,3.997,99.1,384,16.85,60.62
32,5760,3.994,96.2,384,16.9,60.27
33,5940,3.99,96.8,384,16.88,60.63
34,6120,3.978,96.7,384,16.82,60.7
35,6300,3.982,96.7,384,16.67,60.6
36,6480,3.986,96.8,384,16.76,60.66
37,6660,3.993,96.6,384,16.71,60.67
38,6840,3.99,96.8,384,16.7,60.53
39,7020,3.989,104,386,16.64,60.67
40,7200,3.986,93.1,370,16.67,60.79
41,7380,3.981,99.9,396,16.49,60.64
42,7560,3.974,96.9,384,16.51,60.57
43,7740,3.982,102.5,390,16.57,60.6
44,7920,3.986,96.8,384,16.5,60.63
45,8100,3.982,96.5,380,16.44,60.54
46,8280,3.981,96.6,384,16.33,60.61
47,8460,3.97,103.3,410,16.29,60.85
48,8640,3.982,96.7,384,16.27,60.55
49,8820,3.969,95.4,376,16.27,60.73
50,9000,3.986,96.8,384,16.31,61.1
51,9180,3.97,96.5,384,16.24,61.94
52,9360,3.97,96.8,384,16.43,62.1
53,9540,3.966,96.4,380,16.25,61.85
54,9720,3.99,96.9,384,16.28,61.71
55,9900,3.982,96.6,384,16.3,61.25
56,10080,3.974,89.4,354,16.25,61.19
57,10260,3.981,95.5,376,16.25,61.56
58,10440,3.974,88.3,348,16.17,61.87
59,10620,3.985,96.5,380,16.1,61.86
60,10800,3.966,96.5,380,16.19,62.34
61,10980,3.981,98.1,384,16.09,62.58
62,11160,3.973,89.2,354,16.12,62.8
63,11340,3.961,96.3,380,16.13,62.41
64,11520,3.958,89.6,354,16.05,62.56
65,11700,3.966,96.3,380,15.9,62.22
66,11880,3.982,96.3,380,16.23,62.1
67,12060,3.986,100.7,394,16.25,61.92
68,12240,3.978,96.2,380,16.09,61.83
69,12420,3.962,96.3,380,16.09,62.1
70,12600,3.974,96.2,380,15.99,62.07
71,12780,3.973,89.3,368,16,61.99
72,12960,3.969,104,390,15.98,61.66
73,13140,3.962,96.3,380,16,61.57
74,13320,3.974,95.9,380,15.98,61.88
75,13500,3.961,96,380,16.02,62.27
76,13680,3.973,96.1,380,15.89,62.17
77,13860,3.962,95.9,380,15.87,61.83
78,14040,3.974,101.4,400,15.9,62.13
79,14220,3.97,97.7,386,15.93,62.61
80,14400,3.969,96.2,376,15.96,62.01
81,14580,3.969,95.8,376,16.06,61.7
82,14760,3.969,95.8,400,16.08,61.67
83,14940,3.969,103,376,16.28,62.11
84,15120,3.969,94.6,374,16.34,64.95
85,15300,3.966,99.9,394,16.64,65.54
86,15480,3.97,100.5,396,16.82,66.58
87,15660,3.946,94,370,16.75,67.13
88,15840,3.95,93.9,370,16.82,65.25
89,16020,3.954,94,370,16.82,64.59
90,16200,3.97,101.3,384,16.76,63.82
91,16380,3.966,99.3,390,16.73,63.23
92,16560,3.958,98.1,386,16.62,62.85
93,16740,3.971,106.8,396,16.72,63.73
94,16920,3.962,101,396,16.74,65.84
95,17100,3.958,100.8,400,16.81,66.7
96,17280,3.966,100.7,390,17.03,66.33
97,17460,3.946,94.9,374,16.95,64.85
98,17640,3.965,100.7,396,16.82,64.49
99,17820,3.962,100.2,396,16.88,66.32
100,18000,3.961,100.2,394,17.05,68.81
101,18180,3.958,106,416,17.6,74.24
102,18360,3.942,104.2,410,17.96,76.34
103,18540,3.945,101.2,400,18.08,71.83
104,18720,3.954,103.2,390,18.12,69.8
105,18900,3.957,99,390,18.06,69.56
106,19080,3.959,105.5,394,19.06,71.35
107,19260,3.955,103.2,406,18.6,75.07
108,19440,3.946,98.9,386,18.73,75.18
1,180,3.945,95,374,17.36,50.12
2,360,3.942,101.6,390,17.5,53.86
3,540,3.941,100,376,17.27,53.15
4,720,3.934,93.7,368,18.59,54.98
5,900,3.946,101.7,400,18.86,55.7
6,1080,3.938,94.5,370,19.08,55.3
7,1260,3.945,98.3,370,19.37,55.68
8,1440,3.942,93.5,368,19.56,56.18
9,1620,3.93,93.5,368,19.69,58.25
10,1800,3.938,93.5,368,19.85,59.78
11,1980,3.933,93.2,364,19.87,59.63
12,2160,3.946,101,396,20.18,59.71
13,2340,3.922,94,368,20.32,59.66
14,2520,3.946,100.7,394,20.41,61.22
15,2700,3.942,100.9,394,20.67,61.58
16,2880,3.941,100.8,374,20.52,62.15
17,3060,3.918,95.2,374,20.56,61.86
18,3240,3.942,100.6,386,20.56,62.11
19,3420,3.945,100.3,396,20.56,62.31
20,3600,3.922,99.4,390,20.54,61.91
21,3780,3.925,96.2,376,20.67,61.6
22,3960,3.934,99.6,390,20.61,61.02
23,4140,3.918,99.8,390,20.86,60.37
24,4320,3.938,99.6,390,20.65,60.28
25,4500,3.934,99.9,390,20.63,60.49
26,4680,3.934,95.9,374,20.76,61.63
27,4860,3.914,102.4,400,20.75,61.28
28,5040,3.93,101.4,374,20.62,56.36
29,5220,3.918,101.8,386,20.9,56.39
30,5400,3.895,106.8,394,21.19,57.34
31,5580,3.871,103.6,400,20.89,54.18
32,5760,3.897,106.1,410,21.25,54.33
33,5940,3.901,101.9,400,21.22,52.85
34,6120,3.893,104.2,390,21.11,50.8
35,6300,3.898,101.1,390,20.56,50.05
36,6480,3.89,100.9,390,20.57,49.82
37,6660,3.878,107.3,416,20.69,48.43
38,6840,3.893,104.4,416,20.65,48.23
39,7020,3.898,101.4,400,20.56,46.88
40,7200,3.902,101.8,394,20.56,47.49
41,7380,3.897,101.4,394,20.39,48.3
42,7560,3.866,104.7,404,20.09,50.4
43,7740,3.893,99.9,376,19.55,53.02
44,7920,3.898,105.1,384,18.84,51.04
45,8100,3.879,105.7,410,18.65,49.48
46,8280,3.882,97.9,380,18.62,48.37
47,8460,3.899,99.2,384,18.36,47.86
48,8640,3.874,97.9,376,18.26,47.42
49,8820,3.878,97.9,380,17.9,48.29
50,9000,3.893,105.7,376,18.16,50.21
51,9180,3.901,104.6,406,18.38,51.13
52,9360,3.902,98.4,410,18.56,51.92
53,9540,3.894,97.4,376,18.64,52.73
54,9720,3.894,98,376,18.64,53.69
55,9900,3.897,98.9,376,18.63,54.09
56,10080,3.89,104.7,404,18.79,54.16
57,10260,3.894,97.4,376,18.63,54.54
58,10440,3.878,102,394,18.86,54.45
59,10620,3.879,104.9,406,18.59,54.46
60,10800,3.894,99.7,386,18.64,54.89
61,10980,3.878,101.6,394,18.52,55.26
62,11160,3.878,104.8,406,18.73,54.95
63,11340,3.874,98.9,384,18.44,54.72
64,11520,3.889,105.3,386,18.5,54.56
65,11700,3.89,104.1,376,18.49,54.47
66,11880,3.882,102.9,400,19.76,59.66
67,12060,3.87,102.9,396,20.07,60.87
68,12240,3.898,96.6,376,19.12,59.86
